delete from  IMAGE_INFO where 1=1;
delete from  HTML_INFO where 1=1;
delete from  TORRENT_INFO where 1=1;
delete from TOPIC_INFO where 1=1;

alter table IMAGE_INFO auto_increment= 1;
alter table HTML_INFO auto_increment= 1;
alter table TORRENT_INFO auto_increment= 1;
alter table TOPIC_INFO auto_increment= 1;

insert into TOPIC_INFO (TOPIC_URL, TOPIC_FID, TOPIC_TITLE, TOPIC_STATUS) VALUE
  ('001','2','没解析URL','0'),
  ('101','2','已经解析URL,文件没下载','1'),
  ('102','2','已经解析URL，图片下载异常','1'),
  ('103','2','已经解析URL，种子下载异常','1'),
  ('104','2','已经解析URL，图片和种子都异常','1'),
  ('105','2','已经解析URL，只下载了图片','1'),
  ('106','2','已经解析URL，只下载了种子','1'),
  ('107','2','已经解析URL，图片和种子都下载了','1'),
  ('201','2','图片URL异常，没下载种子文件','2'),
  ('202','2','图片URL异常，种子文件异常','2'),
  ('203','2','图片URL异常，种子文件正常','2'),
  ('301','2','种子URL异常，没下载图片文件','3'),
  ('302','2','种子URL异常，图片文件异常','3'),
  ('303','2','种子URL异常，图片文件正常','3'),
  ('401','2','所有URL异常','4');


insert into IMAGE_INFO (TOPIC_URL, IMAGE_URL, IMAGE_STATUS, FILE_PATH, FILE_ID) VALUE
  ('101','101','0','-','-'),
  ('102','102','2','-','-'),
  ('103','103','1','103','103'),
  ('104','104','2','-','-'),
  ('105','105','1','105','105'),
  ('106','106','0','-','-'),
  ('107','107','1','107','107'),
  ('301','301','0','-','-'),
  ('302','302','2','-','-'),
  ('303','303','1','303','303');

insert into TORRENT_INFO(TOPIC_URL, TORRENT_URL, TORRENT_HASH, TORRENT_STATUS, FILE_PATH, FILE_ID) VALUE
  ('101','101','101','0','-','-'),
  ('102','102','102','1','102','102'),
  ('103','103','103','2','-','-'),
  ('104','104','104','2','-','-'),
  ('105','105','105','0','-','-'),
  ('106','106','106','1','106','106'),
  ('107','107','107','1','107','107'),
  ('201','201','201','0','-','-'),
  ('201','201','201','2','-','-'),
  ('201','201','201','1','201','201');
